Michel;Artemons;H;Direction;Directeur Général;michel.artemons@numericube.com;1.jpg;Direction,Management,Sport,CuisineHenri;Vernon;H;Direction;Directeur des Ressources Humaines;henri.vernon@numericube.com;2.jpg;Management,Tennis;artemonsGisèle;Laballe;F;Direction;Assistante de Direction;gisele.laballe@numericube.com;3.jpg;Couture;vernon,artemonsOlivier;Lebeau;H;Marketing;Directeur Marketing;olivier.lebeau@numericube.com;4.jpg;HEC,Golf;laballe,artemons,vernonPierre;Julienne;H;Marketing;Chef de Produit;pierre.julienne@numericube.com;5.jpg;Ferrari,Porsche,Aston MartinJulien;Carat;H;Marketing;Stagiaire;julien.carat@numericube.com;6.jpg;Tuning,Science-fiction,Foot;laballeIsabelle;Bellamie;F;Vente;Directeur Commercial;isabelle.bellamie@numericube.com;7.jpg;Management,Sup de Co,Parachutisme;artemons,vernon,laballe,lebeauEmilie;Vidal;F;Vente;Responsable Secteur Sud;emilie.vidal@numericube.com;8.jpg;Cuisine;bellamieAlphonse;Bichart;H;Vente;Responsable Secteur Nord;alphonse.bichart@numericube.com;9.jpg;Guitare,Johnny Halliday;bellamie,vidalJérémy;Nénerta;H;Vente;Commercial;jeremy.nenerta@numericube.com;10.jpg;Ski;bellamie,vidal,bichartNicolas;Baffoi;H;Vente;Commercial;nicolas.baffoi@numericube.com;11.jpg;Techniques de vente,Ski;bellamie,vidal,bichart,nenertaSabine;Azla;F;Vente;Commercial;sabine.azla@numericube.com;12.jpg;Commerce,La Côte d'Azur;bellamie,vidal,bichart,nenerta,baffoiElodie;Debouze;F;Vente;Commercial;elodie.debouze@numericube.com;13.jpg;;bellamie,vidal,bichart,nenerta,baffoi,azlaGérard;Larmet;H;Vente;Commercial;gerard.larmet@numericube.com;14.jpg;;bellamie,vidal,bichart,nenerta,baffoi,azla,debouzePaul;Ayavé;H;Vente;Stagiaire;paul.ayave@numericube.com;15.jpg;;bellamie,vidal,bichart,nenerta,baffoi,azla,debouze,larmetJacques;Michart;H;R&D;Directeur R&D;jacques.michart@numericube.com;16.jpg;;artemons,vernon,laballeRomain;Garlet;H;R&D;Chef de projet;romain.garlet@numericube.com;17.jpg;;michartCyril;Otin;H;R&D;Ingénieur;cyril.otin@numericube.com;18.jpg;Comic books,Supelec;michart,garletLise;Toleti;F;R&D;Ingénieur;lise.toleti@numericube.com;19.jpg;Jeux vidéo;otinSylvain;Gigaud;H;R&D;Ingénieur;sylvain.gigaud@numericube.com;20.jpg;Ferrari,BugattiEmmanuelle;Passard;F;Production;Directeur Production;emmanuelle.passard@numericube.com;21.jpgStéphanie;Guidon;F;Production;Responsable Usinage;stephanie.guidon@numericube.com;22.jpg;Couture,La Côte d'AzurStéphane;Ribocha;H;Production;Responsable Assemblage;stephane.ribocha@numericube.com;23.jpg;CuisineCéline;Blot;F;Production;Assistante;celine.blot@numericube.com;24.jpgDavid;Petrousse;H;Production;Chef d'équipe;david.petrousse@numericube.com;25.jpgChristophe;Valame;H;Production;Ouvrier;christophe.valame@numericube.com;26.jpg;Voitures de collectionFrédéric;Tribord;H;Production;Ouvrier;frederic.tribord@numericube.com;27.jpg;BasketJérôme;Alberti;H;Production;Ouvrier;jerome.alberti@numericube.com;28.jpg;BasketLaurent;Blaffard;H;Production;Ouvrier;laurent.blaffard@numericube.com;29.jpg;BasketValérie;Lacroix;F;Production;Ouvrier;valerie.lacroix@numericube.com;30.jpg;FootballSophie;Lopez;F;Production;Stagiaire;sophie.lopez@numericube.com;31.jpg;UsinageEric;Da Silva;H;Production;Contrôle Qualité;eric.dasilva@numericube.com;32.jpg;Les normes ISOChantal;Zaraski;F;SAV;Directrice Relation Client;chantal.zaraski@numericube.com;33.jpg;CuisineRodolphe;Boulain;H;SAV;Agent de maitrise;rodolphe.boulain@numericube.com;34.jpg;Voitures de collectionThierry;Robinet;H;SAV;Stagiaire;thierry.robinet@numericube.com;35.jpg;Les normes ISO,Techniques de venteFarida;Fazza;F;Services Généraux;Reponsable Services Généraux;farida.fazza@numericube.com;36.jpgJun;Lee;H;Services Généraux;Hotesse Accueil;jun.lee@numericube.com;37.jpg;Cuisine,Asie,Voyages,Musique;-artemons,-vernon,-vidal,-bellamie,ayaveAndy;McDonald;H;Finance;Directeur Administratif et Financier;andy.mcdonald@numericube.com;38.jpg;GuitareBao;Chong;H;Finance;Comptable;bao.chong@numericube.com;39.jpg;DESCFDjibril;Fouatta;H;Finance;Comptable;djibril.fouatta@numericube.com;40.jpg;Contrôle de gestion