antont@ubuntu.ubuntu-domain = Toni Alatalo
prologic@shortcircuit.net.au = James Mills
alessio.deiana@cern.ch = Alessio Deiana
emarshall85@gmail.com = Edwin Marshall
alexmax2742@gmail.com = Alex Mayfield
dsuch@gefira.pl = Dariusz Suchojad
adeiana@gmail.com = Alessio Deiana
holger@merlinux.eu = Holger Krekel
toni@playsign.net = Toni Alatalo
root@localhost = James Mills
aspidites = Edwin Marshall
eriol@mornie.org = Eriol
dsuch = Dariusz Suchojad
jamesmills = James Mills
jaemsmills = James Mills
awendela = Justin Giorgi
millsjam = James Mills
prologic = James Mills
mnlipp = Michael Lipp
jmills = James Mills
lashni = Tim Miller
eriol = Eriol
